<ImportExportXml version="9.1.0.15635" SolutionPackageVersion="9.1" languagecode="1033" generatedBy="CrmLive" xmlns:xsi="http://www.w3.org/2001/XMLSchema-instance">
  <SolutionManifest>
    <UniqueName>yuvalTask2</UniqueName>
    <LocalizedNames>
      <LocalizedName description="yuvalTask2" languagecode="1033" />
    </LocalizedNames>
    <Descriptions />
    <Version>1.0.0.0</Version>
    <Managed>0</Managed>
    <Publisher>
      <UniqueName>yuvalmarkberghaus</UniqueName>
      <LocalizedNames>
        <LocalizedName description="yuvalMarkBerghaus" languagecode="1033" />
      </LocalizedNames>
      <Descriptions />
      <EMailAddress xsi:nil="true"></EMailAddress>
      <SupportingWebsiteUrl xsi:nil="true"></SupportingWebsiteUrl>
      <CustomizationPrefix>me</CustomizationPrefix>
      <CustomizationOptionValuePrefix>13432</CustomizationOptionValuePrefix>
      <Addresses>
        <Address>
          <AddressNumber>1</AddressNumber>
          <AddressTypeCode>1</AddressTypeCode>
          <City xsi:nil="true"></City>
          <County xsi:nil="true"></County>
          <Country xsi:nil="true"></Country>
          <Fax xsi:nil="true"></Fax>
          <FreightTermsCode xsi:nil="true"></FreightTermsCode>
          <ImportSequenceNumber xsi:nil="true"></ImportSequenceNumber>
          <Latitude xsi:nil="true"></Latitude>
          <Line1 xsi:nil="true"></Line1>
          <Line2 xsi:nil="true"></Line2>
          <Line3 xsi:nil="true"></Line3>
          <Longitude xsi:nil="true"></Longitude>
          <Name xsi:nil="true"></Name>
          <PostalCode xsi:nil="true"></PostalCode>
          <PostOfficeBox xsi:nil="true"></PostOfficeBox>
          <PrimaryContactName xsi:nil="true"></PrimaryContactName>
          <ShippingMethodCode>1</ShippingMethodCode>
          <StateOrProvince xsi:nil="true"></StateOrProvince>
          <Telephone1 xsi:nil="true"></Telephone1>
          <Telephone2 xsi:nil="true"></Telephone2>
          <Telephone3 xsi:nil="true"></Telephone3>
          <TimeZoneRuleVersionNumber xsi:nil="true"></TimeZoneRuleVersionNumber>
          <UPSZone xsi:nil="true"></UPSZone>
          <UTCOffset xsi:nil="true"></UTCOffset>
          <UTCConversionTimeZoneCode xsi:nil="true"></UTCConversionTimeZoneCode>
        </Address>
        <Address>
          <AddressNumber>2</AddressNumber>
          <AddressTypeCode>1</AddressTypeCode>
          <City xsi:nil="true"></City>
          <County xsi:nil="true"></County>
          <Country xsi:nil="true"></Country>
          <Fax xsi:nil="true"></Fax>
          <FreightTermsCode xsi:nil="true"></FreightTermsCode>
          <ImportSequenceNumber xsi:nil="true"></ImportSequenceNumber>
          <Latitude xsi:nil="true"></Latitude>
          <Line1 xsi:nil="true"></Line1>
          <Line2 xsi:nil="true"></Line2>
          <Line3 xsi:nil="true"></Line3>
          <Longitude xsi:nil="true"></Longitude>
          <Name xsi:nil="true"></Name>
          <PostalCode xsi:nil="true"></PostalCode>
          <PostOfficeBox xsi:nil="true"></PostOfficeBox>
          <PrimaryContactName xsi:nil="true"></PrimaryContactName>
          <ShippingMethodCode>1</ShippingMethodCode>
          <StateOrProvince xsi:nil="true"></StateOrProvince>
          <Telephone1 xsi:nil="true"></Telephone1>
          <Telephone2 xsi:nil="true"></Telephone2>
          <Telephone3 xsi:nil="true"></Telephone3>
          <TimeZoneRuleVersionNumber xsi:nil="true"></TimeZoneRuleVersionNumber>
          <UPSZone xsi:nil="true"></UPSZone>
          <UTCOffset xsi:nil="true"></UTCOffset>
          <UTCConversionTimeZoneCode xsi:nil="true"></UTCConversionTimeZoneCode>
        </Address>
      </Addresses>
    </Publisher>
    <RootComponents>
      <RootComponent type="1" schemaName="me_eventtask2" behavior="0" />
      <RootComponent type="1" schemaName="me_invited" behavior="0" />
      <RootComponent type="1" schemaName="me_participanceinsideevent" behavior="0" />
      <RootComponent type="60" id="{25da2ecd-d95e-4e5a-8083-26db70a565ad}" behavior="0" />
      <RootComponent type="60" id="{38b959fd-4759-4fa9-9ac3-0b953aa74566}" behavior="0" />
      <RootComponent type="60" id="{58e24c56-edbe-4029-a23c-a9cd7932931b}" behavior="0" />
      <RootComponent type="60" id="{617e97ec-7dcf-4791-99fe-75a238d2d6aa}" behavior="0" />
      <RootComponent type="60" id="{7b9ff5f2-59c6-4b2c-811a-3180db78c325}" behavior="0" />
      <RootComponent type="60" id="{9900aa46-73a6-4e84-afed-12b530812615}" behavior="0" />
      <RootComponent type="60" id="{c447607d-fb9c-4d2a-87d8-313886a909c7}" behavior="0" />
      <RootComponent type="60" id="{df0689e7-b31c-4e85-8676-8b814fe55419}" behavior="0" />
      <RootComponent type="60" id="{f29e1d0f-789d-46a2-b2a4-b88fd1b6016d}" behavior="0" />
    </RootComponents>
    <MissingDependencies>
      <MissingDependency>
        <Required key="0" type="66" schemaName="MscrmControls.InputMask.InputMaskControl" displayName="MscrmControls.InputMask.InputMaskControl" solution="CustomControlsCore (9.1.0000.15635)" />
        <Dependent key="1" type="60" displayName="Information" parentDisplayName="invited" id="{c447607d-fb9c-4d2a-87d8-313886a909c7}" />
      </MissingDependency>
      <MissingDependency>
        <Required key="2" type="66" schemaName="MscrmControls.Knob.ArcKnobControl" displayName="MscrmControls.Knob.ArcKnobControl" solution="CustomControlsCore (9.1.0000.15635)" />
        <Dependent key="3" type="60" displayName="Information" parentDisplayName="eventTask2" id="{38b959fd-4759-4fa9-9ac3-0b953aa74566}" />
      </MissingDependency>
      <MissingDependency>
        <Required key="4" type="66" schemaName="MicrosoftDynamicsFPS.TimeControl" displayName="MicrosoftDynamicsFPS.TimeControl" solution="MicrosoftDynamicsScheduling (3.12.0.448)" />
        <Dependent key="1" type="60" displayName="Information" parentDisplayName="invited" id="{c447607d-fb9c-4d2a-87d8-313886a909c7}" />
      </MissingDependency>
      <MissingDependency>
        <Required key="5" type="66" schemaName="MscrmControls.FlipSwitch.FlipSwitchControl" displayName="MscrmControls.FlipSwitch.FlipSwitchControl" solution="CustomControlsCore (9.1.0000.15635)" />
        <Dependent key="6" type="60" displayName="Information" parentDisplayName="participance inside event" id="{9900aa46-73a6-4e84-afed-12b530812615}" />
      </MissingDependency>
      <MissingDependency>
        <Required key="7" type="66" schemaName="MscrmControls.LinearGauge.LinearGaugeControl" displayName="MscrmControls.LinearGauge.LinearGaugeControl" solution="CustomControlsCore (9.1.0000.15635)" />
        <Dependent key="3" type="60" displayName="Information" parentDisplayName="eventTask2" id="{38b959fd-4759-4fa9-9ac3-0b953aa74566}" />
      </MissingDependency>
      <MissingDependency>
        <Required key="4" type="66" schemaName="MicrosoftDynamicsFPS.TimeControl" displayName="MicrosoftDynamicsFPS.TimeControl" solution="MicrosoftDynamicsScheduling (3.12.0.448)" />
        <Dependent key="3" type="60" displayName="Information" parentDisplayName="eventTask2" id="{38b959fd-4759-4fa9-9ac3-0b953aa74566}" />
      </MissingDependency>
    </MissingDependencies>
  </SolutionManifest>
</ImportExportXml>